{"glyphs":{"T":{"x_min":0,"x_max":777.78125,"ha":792,"o":"m 0 892 l 777.78125 892 l 777.78125 729.01562 l 473.14453 729.01562 l 473.14453 0 l 304.6875 0 l 304.6875 729.01562 l 0 729.01562 l 0 892 "},"A":{"x_min":-0.234375,"x_max":961.5625,"ha":979,"o":"m 961.5625 0 l 790.04688 0 l 698.73438 208.98438 l 263.04688 208.98438 l 171.73438 0 l 0.234375 0 l 384.76562 996.09375 l 586.91406 996.09375 l 961.5625 0 m 610.35156 347.16797 l 481.44531 724.60938 l 352.53906 347.16797 l 610.35156 347.16797 "},"F":{"x_min":0,"x_max":722.65625,"ha":738,"o":"m 0 0 l 0 996.09375 l 722.65625 996.09375 l 722.65625 830.07812 l 168.45312 830.07812 l 168.45312 559.08203 l 666.99219 559.08203 l 666.99219 393.06641 l 168.45312 393.06641 l 168.45312 0 l 0 0 "},"I":{"x_min":0,"x_max":168.45312,"ha":284,"o":"m 0 0 l 0 996.09375 l 168.45312 996.09375 l 168.45312 0 l 0 0 "},"C":{"x_min":85.640625,"x_max":913.421875,"ha":997,"o":"m 913.421875 628.90625 l 744.96875 628.90625 q 706.54297 724.60938 633.30078 770.50781 q 560.05859 816.40625 456.54297 816.40625 q 300.78125 816.40625 218.75 736.32812 q 136.71875 656.25 136.71875 508.78906 q 136.71875 362.30469 218.75 282.22656 q 300.78125 202.14844 456.54297 202.14844 q 560.05859 202.14844 633.30078 247.55859 q 706.54297 292.96875 744.96875 389.16016 l 913.421875 389.16016 q 857.76172 211.42578 734.37109 116.21094 q 610.98047 21 456.54297 21 q 219.72656 21 85.640625 155.07812 q -48.4375 289.0625 -48.4375 508.78906 q -48.4375 726.5625 85.640625 861.03516 q 219.72656 995.51172 456.54297 995.51172 q 610.98047 995.51172 734.37109 900.29688 q 857.76172 805.07812 913.421875 628.90625 "},"U":{"x_min":109.515625,"x_max":877.734375,"ha":987,"o":"m 877.734375 996.09375 l 877.734375 365.72266 q 877.734375 190.91797 773.73047 95.95898 q 669.72656 1 493.47656 1 q 316.89453 1 213.20312 95.95898 q 109.515625 190.91797 109.515625 365.72266 l 109.515625 996.09375 l 277.96875 996.09375 l 277.96875 365.72266 q 277.96875 261.23047 331.79688 221.19141 q 385.64062 181.15234 493.47656 181.15234 q 601.07422 181.15234 654.90234 221.19141 q 708.73047 261.23047 708.73047 365.72266 l 708.73047 996.09375 l 877.734375 996.09375 "},"B":{"x_min":0,"x_max":819.5625,"ha":936,"o":"m 819.5625 526.36719 q 819.5625 429.19922 766.21875 353.51562 q 712.89062 277.83203 614.74609 260.25391 q 682.12891 240.72266 725.09766 181.64062 q 768.06641 122.55859 768.06641 32.71484 q 768.06641 -117.67578 664.55078 -189.33594 q 561.03516 -261 332.51953 -261 l 0 -261 l 0 996.09375 l 305.17578 996.09375 q 554.19922 996.09375 686.87891 923.34375 q 819.5625 850.58594 819.5625 526.36719 m 649.41406 534.17969 q 649.41406 672.36328 584.47266 707.03125 q 519.53125 741.69922 357.91016 741.69922 l 168.45312 741.69922 l 168.45312 502.92969 l 351.5625 502.92969 q 478.51562 502.92969 563.96484 538.57422 q 649.41406 574.21875 649.41406 534.17969 m 599.60938 49.31641 q 599.60938 174.31641 532.71484 204.10156 q 465.82031 233.88672 360.83984 233.88672 l 168.45312 233.88672 l 168.45312 -163.08594 l 359.375 -163.08594 q 459.96094 -163.08594 529.78516 -132.81641 q 599.60938 -102.53906 599.60938 49.31641 "},"S":{"x_min":85.333984,"x_max":960.9375,"ha":1045,"o":"m 960.9375 264.16016 q 960.9375 137.69531 871.58203 68.84766 q 782.22656 0 627.92969 0 q 466.79688 0 376.95312 70.80078 q 287.10938 141.60156 287.10938 264.16016 l 455.07812 264.16016 q 455.07812 191.89453 504.39453 161.62109 q 553.71094 131.34766 627.92969 131.34766 q 700.19531 131.34766 745.11719 158.69141 q 790.03906 186.03516 790.03906 240.72266 q 790.03906 299.80469 734.86328 324.70703 q 679.6875 349.60938 559.5625 367.67578 q 439.45312 385.74219 362.79297 405.27344 q 286.13281 424.80469 237.30469 476.07422 q 188.47656 527.34375 188.47656 627.92969 q 188.47656 751.46484 278.80859 816.89453 q 369.14062 882.32422 520.50781 882.32422 q 675.78125 882.32422 760.74219 810.54688 q 845.70312 738.76953 845.70312 627.92969 l 677.73438 627.92969 q 677.73438 689.45312 634.76562 719.23828 q 591.79688 749.02344 520.50781 749.02344 q 454.10156 749.02344 412.59766 723.14453 q 371.09375 697.26562 371.09375 648.4375 q 371.09375 597.16797 425.29297 572.26562 q 479.49219 547.36328 599.60938 529.29688 q 719.72656 511.23047 796.38672 491.69922 q 873.04688 472.16797 921.875 420.41016 q 970.70312 368.65234 970.70312 264.16016 l 960.9375 264.16016 "},"E":{"x_min":0,"x_max":736.109375,"ha":789,"o":"m 736.109375 0 l 0 0 l 0 996.09375 l 736.109375 996.09375 l 736.109375 830.07812 l 168.45312 830.07812 l 168.45312 574.21875 l 666.99219 574.21875 l 666.99219 408.20312 l 168.45312 408.20312 l 168.45312 166.01562 l 736.109375 166.01562 l 736.109375 0 "}},"familyName":"Helvetiker","ascender":1189,"descender":-334,"underlinePosition":-233,"underlineThickness":50,"boundingBox":{"yMin":-334,"xMin":-170,"yMax":1189,"xMax":1516},"resolution":1000,"original_font_information":{"format":0,"copyright":"Copyright (c) 2010-2011 by tyPoland Lukasz Dziedzic with Reserved Font Name \"Lato\". Licensed under the SIL Open Font License, Version 1.1.","fontFamily":"Helvetiker","fontSubfamily":"Regular","uniqueID":"tyPolandLukaszDziedzic: Helvetiker Regular: 2011","fullName":"Helvetiker Regular","version":"Version 1.105;PS 001.105;hotconv 1.0.70;makeotf.lib2.5.55960","postScriptName":"Helvetiker-Regular","trademark":"Helvetiker is a trademark of tyPoland Lukasz Dziedzic.","manufacturer":"tyPoland Lukasz Dziedzic","designer":"Lukasz Dziedzic","description":"In the process of creating his first typeface Lukasz was inspired by the simplicity of Helvetica and functionality of Univers. In December 2008 after four months of intensive work he completed his first typeface family - Lato.","manufacturerURL":"http://www.typoland.com/","designerURL":"http://www.typoland.com/designers/Lukasz_Dziedzic/","licence":"This Font Software is licensed under the SIL Open Font License, Version 1.1. This license is copied below, and is also available with a FAQ at: http://scripts.sil.org/OFL","licenceURL":"http://scripts.sil.org/OFL","preferredFamily":"Helvetiker","preferredSubfamily":"Regular"},"cssFontWeight":"normal","cssFontStyle":"normal"}
